IP地址,端口,TLS,数据中心,源IP位置,地区,城市,地区(中文),国家,城市(中文),国旗,网络延迟,下载速度
171.103.14.247,10034,true,BKK,TH,Asia Pacific,Bangkok,亚洲,泰国,曼谷,🇹🇭,111 ms,9155 kB/s
171.103.231.6,33399,true,BKK,TH,Asia Pacific,Bangkok,亚洲,泰国,曼谷,🇹🇭,129 ms,7238 kB/s
171.103.222.142,18110,true,BKK,TH,Asia Pacific,Bangkok,亚洲,泰国,曼谷,🇹🇭,91 ms,6483 kB/s
171.103.14.55,10111,true,BKK,TH,Asia Pacific,Bangkok,亚洲,泰国,曼谷,🇹🇭,118 ms,6017 kB/s
171.103.231.6,18082,true,BKK,TH,Asia Pacific,Bangkok,亚洲,泰国,曼谷,🇹🇭,101 ms,5171 kB/s
171.103.223.30,10239,true,BKK,TH,Asia Pacific,Bangkok,亚洲,泰国,曼谷,🇹🇭,90 ms,3722 kB/s
171.103.14.207,10071,true,BKK,TH,Asia Pacific,Bangkok,亚洲,泰国,曼谷,🇹🇭,94 ms,3697 kB/s
171.103.15.21,10255,true,BKK,TH,Asia Pacific,Bangkok,亚洲,泰国,曼谷,🇹🇭,90 ms,1473 kB/s
171.103.164.62,30921,true,SIN,TH,Asia Pacific,Singapore,亚洲,新加坡,新加坡,🇸🇬,111 ms,624 kB/s
27.254.163.51,10327,true,SIN,TH,Asia Pacific,Singapore,亚洲,新加坡,新加坡,🇸🇬,77 ms,125 kB/s
